id;last_name;first_name;arabic_last_name;arabic_first_name;date_of_birth;blood_group;classroom;gender;address;email;picture;school_of_origin;password;nationality
1;Simonis;Jessyca;indigo;calculate;2021-02-26;ABM;frictionless plug-and-play compressing;FEMALE;next generation Monitored;Asha_Wunsch@hotmail.com;drive Avon USB;Chair sensor;Administrator;rich
2;McClure;Easton;Intranet South Dakota;Shoes;2021-02-26;BM;Movies;FEMALE;bypassing;Rosetta.Abernathy@hotmail.com;Nevada Usability quantify;olive;budgetary management transmit payment;Practical solution-oriented
3;Sauer;Marcus;Advanced;Credit Card Account Total system;2021-02-26;BM;Pre-emptive;MALE;Kentucky collaborative deposit;Jefferey10@hotmail.com;Frozen;Berkshire;Interactions Course;Fiji Dollar Summit world-class
4;Bogan;Marlen;back up superstructure transition;Polarised object-oriented;2021-02-26;ABP;PCI Platinum;MALE;infomediaries Ferry Distributed;Florence.Sanford41@gmail.com;Awesome enable 1080p;killer uniform;Grocery;Gorgeous Fresh Fish Checking Account Avon
5;Abshire;Loren;redundant transmitter;Direct;2021-02-27;AP;Shoes Belarussian Ruble SQL;MALE;Generic Frozen Hat Checking Account;Kendra_Auer@yahoo.com;systems Home;invoice;Bulgaria;payment Engineer
6;Botsford;Marjorie;Technician Forward Parks;primary;2021-02-27;AM;Officer back-end;MALE;payment clear-thinking Washington;Bennie_Maggio@gmail.com;Iceland;Unbranded Cotton Chair deposit;Branding Open-architected Cross-platform;Books Direct
7;O'Conner;Pablo;Handmade Soft Bike Books;communities Cambodia Rustic Metal Car;2021-02-26;BM;Buckinghamshire Bedfordshire Analyst;MALE;Research;Otha_Schimmel@yahoo.com;disintermediate Bedfordshire navigate;protocol Concrete;open-source Bedfordshire payment;Cotton
8;Koch;Maude;Home Loan Account Borders Ohio;Bahamian Dollar;2021-02-26;AM;Reactive parsing;MALE;non-volatile metrics generate;Johann51@hotmail.com;rich microchip Assurance;web-readiness;Investment Account Norfolk Island;compressing overriding Rubber
9;Lowe;King;Creative;Chair Rubber Assistant;2021-02-26;BM;Refined Persevering;MALE;compressing Computer;Lucie_Block37@hotmail.com;plug-and-play supply-chains;payment;interface;Tools Future
10;Torphy;Christop;Operations Pre-emptive;Borders Dynamic;2021-02-27;OP;Mongolia impactful Avon;FEMALE;Bedfordshire Buckinghamshire;Betsy70@hotmail.com;Bolivar Fuerte Practical Rubber Ball;Montana;HTTP ADP Bike;invoice maximize Ball
