id;last_name;first_name;arabic_last_name;arabic_first_name;date_of_birth;blood_group;gender;address;email;picture;password;nationality
1;O'Reilly;Bernhard;Buckinghamshire withdrawal;Legacy Intelligent Incredible;2021-02-27;BP;MALE;IB;Kaia21@hotmail.com;technologies invoice Computers;azure;adapter open-source Corporate
2;Streich;Carroll;Forward Cotton;Practical Bedfordshire;2021-02-26;OM;FEMALE;Garden Multi-channelled;Carol49@yahoo.com;Berkshire;Indian Rupee Ngultrum Triple-buffered infomediaries;monitoring Plaza
3;Murphy;River;firmware Sleek;Run Cheese AGP;2021-02-26;BM;MALE;Savings Account Fresh Investment Account;Aiyana_West@hotmail.com;incentivize Table;mint green capacitor Strategist;Monaco Saint Martin
4;Hane;Bella;sensor gold Practical;Distributed withdrawal;2021-02-26;ABM;FEMALE;array;Lane_Reilly@gmail.com;Accountability Realigned;cross-platform Senior;auxiliary
5;Kunde;Chloe;radical Granite;Steel Infrastructure;2021-02-26;BM;FEMALE;calculate;Libbie.Cormier50@yahoo.com;Macao Equatorial Guinea Baby;withdrawal;transmitter
6;Jast;Alena;Senior;circuit;2021-02-26;OP;FEMALE;Fish Kids;Vivianne76@gmail.com;Paradigm;communities Product hacking;web-readiness
7;Murphy;Dahlia;solution-oriented Awesome Plastic Tuna withdrawal;unleash Fantastic Granite Shoes Yen;2021-02-26;OM;MALE;firewall;Antonia.Bartell26@yahoo.com;Computer Ergonomic;open-source;Iranian Rial compress
8;Johnson;Christelle;Small Plastic Gloves Auto Loan Account Administrator;Garden;2021-02-27;ABP;FEMALE;Canada;Efrain_Cummings97@hotmail.com;Heights Analyst Awesome Concrete Mouse;Representative;pricing structure Money Market Account
9;Rau;Julia;Chair Tuna;North Dakota CFP Franc Ohio;2021-02-26;ABP;MALE;CSS;Dewitt_Kerluke69@yahoo.com;Car parse;indexing 3rd generation;background Dynamic
10;Boyle;Ryder;Visionary Forward;program navigating grey;2021-02-26;AM;FEMALE;Stand-alone enterprise Reactive;Eladio85@hotmail.com;copying Yemeni Rial;Naira overriding;Response Enhanced Wyoming
